측정소 명,예측 일자,Prediction,Actual
Andong1,2022.2.1W,2.75,0.4
Andong1,2022.2.2W,2.97,0.6
Andong1,2022.2.3W,2.81,1.3
Andong1,2022.2.4W,2.41,1
Andong1,2022.3.1W,2.58,1.5
Andong1,2022.3.2W,2.61,2.4
Andong1,2022.3.3W,2.75,1.8
Andong1,2022.3.4W,2.82,2.6
Andong1,2022.4.1W,3.04,2.6
Andong1,2022.4.2W,3.87,1.2
Andong1,2022.4.3W,3.89,2.3
Andong1,2022.4.4W,3.09,1.5
Andong1,2022.5.1W,2.58,1.7
Andong1,2022.5.2W,2.42,3.5
Andong1,2022.5.3W,2.98,4.5
Andong1,2022.5.4W,3.61,3.2
Andong1,2022.6.1W,3.49,6
Andong1,2022.6.2W,3.55,3.7
Andong1,2022.6.3W,4.11,3
Andong1,2022.6.4W,3.79,5.2
Andong1,2022.7.1W,4.05,3.3
Andong1,2022.7.2W,3.92,1.9
Andong1,2022.7.3W,3.43,1.6
Andong1,2022.7.4W,3.34,6.2
Andong1,2022.8.1W,3.89,1.3
Andong1,2022.8.2W,4.41,5.6
Andong1,2022.8.3W,4.12,8.8
Andong1,2022.8.4W,5.89,26.7
Andong1,2022.9.1W,13.04,2.8
Andong1,2022.9.2W,11.16,5.2
Andong1,2022.9.3W,6.53,0.9
Andong1,2022.9.4W,4.39,0.9
Andong1,2022.10.1W,3.69,1.3
Andong1,2022.10.2W,3.62,1
Andong1,2022.10.3W,4.06,2.7
Andong1,2022.10.4W,3.36,12.4
Andong1,2022.11.1W,4.97,8.2
Andong1,2022.11.2W,6.81,4.2
Andong1,2022.11.3W,5.76,3.2
Andong1,2022.11.4W,4.52,2.3
Andong1,2022.12.1W,3.47,2.4
Andong1,2022.12.2W,3.05,3.9
Andong1,2022.12.3W,3.69,1.8
Andong1,2022.12.4W,3.82,3.5
Andong1,2023.1.1W,3.16,3.1
Andong1,2023.1.2W,3.69,2.1
Andong1,2023.1.3W,3.58,2
Andong1,2023.1.4W,3.27,2.2
Andong1,2023.2.1W,3.18,2
Andong1,2023.2.2W,2.99,1
Andong1,2023.2.3W,2.87,3.1
Andong1,2023.2.4W,2.99,1.4
Andong1,2023.3.1W,2.91,2
Andong1,2023.3.2W,2.79,3.7
Andong1,2023.3.3W,3.21,3.4
Andong1,2023.3.4W,3.55,3.6
Andong1,2023.4.1W,3.55,7.5
Andong1,2023.4.2W,4.51,7
Andong1,2023.4.3W,4.89,3.6
Andong1,2023.4.4W,4.12,1.7
Andong1,2023.5.1W,3.75,1.6
Andong1,2023.5.2W,3.09,1.8
Andong1,2023.5.3W,3.21,2.4
Andong1,2023.5.4W,3.37,5.2
Andong1,2023.6.1W,3.61,4.5
Andong1,2023.6.2W,4.02,4.6
Andong1,2023.6.3W,4.69,3.8
Andong1,2023.6.4W,6.11,3.5
Andong1,2023.7.1W,5.63,8
Andong1,2023.7.2W,5.81,28.8
Andong4,2022.2.1W,3.28,1.1
Andong4,2022.2.2W,3.57,0.4
Andong4,2022.2.3W,3.21,1.4
Andong4,2022.2.4W,3.03,1.5
Andong4,2022.3.1W,3.53,2.4
Andong4,2022.3.2W,3.56,3
Andong4,2022.3.3W,3.97,4
Andong4,2022.3.4W,4.36,2.2
Andong4,2022.4.1W,4.4,2.3
Andong4,2022.4.2W,4.5,1
Andong4,2022.4.3W,3.83,3.8
Andong4,2022.4.4W,3.32,4.3
Andong4,2022.5.1W,3.66,3.5
Andong4,2022.5.2W,3.65,3
Andong4,2022.5.3W,3.87,2.5
Andong4,2022.5.4W,4.06,4.1
Andong4,2022.6.1W,4,4
Andong4,2022.6.2W,3.57,3.6
Andong4,2022.6.3W,3.83,2
Andong4,2022.6.4W,3.79,4.8
Andong4,2022.7.1W,3.89,3.5
Andong4,2022.7.2W,4.04,2.2
Andong4,2022.7.3W,3.88,3.5
Andong4,2022.7.4W,4.09,2.4
Andong4,2022.8.1W,3.82,1.6
Andong4,2022.8.2W,3.35,3.1
Andong4,2022.8.3W,3.03,3
Andong4,2022.8.4W,3.33,9.4
Andong4,2022.9.1W,5.18,4.8
Andong4,2022.9.2W,6.86,18.7
Andong4,2022.9.3W,11.35,5.7
Andong4,2022.9.4W,10.56,3
Andong4,2022.10.1W,5.88,6.3
Andong4,2022.10.2W,5.24,3.5
Andong4,2022.10.3W,4.74,3.4
Andong4,2022.10.4W,4.06,4
Andong4,2022.11.1W,3.8,5.3
Andong4,2022.11.2W,3.97,2.7
Andong4,2022.11.3W,3.59,3.2
Andong4,2022.11.4W,3.62,2.2
Andong4,2022.12.1W,3.61,0.9
Andong4,2022.12.2W,2.95,1.8
Andong4,2022.12.3W,2.65,1.2
Andong4,2022.12.4W,2.96,1.8
Andong4,2023.1.1W,3.17,1.8
Andong4,2023.1.2W,3.32,2.5
Andong4,2023.1.3W,3.46,3.2
Andong4,2023.1.4W,3.46,2.7
Andong4,2023.2.1W,3.81,1.7
Andong4,2023.2.2W,3.47,1.8
Andong4,2023.2.3W,3.07,2.9
Andong4,2023.2.4W,3.2,6.2
Andong4,2023.3.1W,4.01,1.6
Andong4,2023.3.2W,3.88,2.1
Andong4,2023.3.3W,3.66,2.2
Andong4,2023.3.4W,3.67,3.8
Andong4,2023.4.1W,3.72,3.4
Andong4,2023.4.2W,4.14,3.6
Andong4,2023.4.3W,3.99,8.4
Andong4,2023.4.4W,5.02,2.3
Andong4,2023.5.1W,4.81,2.1
Andong4,2023.5.2W,3.74,3.2
Andong4,2023.5.3W,3.97,3.3
Andong4,2023.5.4W,4.89,4.3
Andong4,2023.6.1W,5.34,2.8
Andong4,2023.6.2W,4.56,2.6
Andong4,2023.6.3W,4.01,3.3
Andong4,2023.6.4W,3.93,2.4
Andong4,2023.7.1W,3.59,3.2
Andong4,2023.7.2W,4.62,2.5
Banbyeoncheon4,2022.2.1W,2.9,0.9
Banbyeoncheon4,2022.2.2W,3.05,0.6
Banbyeoncheon4,2022.2.3W,2.84,1.2
Banbyeoncheon4,2022.2.4W,2.87,1.2
Banbyeoncheon4,2022.3.1W,2.99,3.9
Banbyeoncheon4,2022.3.2W,3.5,3.9
Banbyeoncheon4,2022.3.3W,4.18,1.9
Banbyeoncheon4,2022.3.4W,3.89,3.5
Banbyeoncheon4,2022.4.1W,3.93,2.9
Banbyeoncheon4,2022.4.2W,4.4,5.9
Banbyeoncheon4,2022.4.3W,4.82,4.6
Banbyeoncheon4,2022.4.4W,5.09,6.6
Banbyeoncheon4,2022.5.1W,5.32,4.1
Banbyeoncheon4,2022.5.2W,5.18,4.6
Banbyeoncheon4,2022.5.3W,4.95,3.1
Banbyeoncheon4,2022.5.4W,4.72,2.6
Banbyeoncheon4,2022.6.1W,3.86,4.1
Banbyeoncheon4,2022.6.2W,3.77,3.2
Banbyeoncheon4,2022.6.3W,3.93,3
Banbyeoncheon4,2022.6.4W,3.57,4.4
Banbyeoncheon4,2022.7.1W,3.71,4.2
Banbyeoncheon4,2022.7.2W,3.95,7.2
Banbyeoncheon4,2022.7.3W,4.37,5.7
Banbyeoncheon4,2022.7.4W,4.94,10
Banbyeoncheon4,2022.8.1W,5.11,5.4
Banbyeoncheon4,2022.8.2W,4.65,6.1
Banbyeoncheon4,2022.8.3W,4.41,11
Banbyeoncheon4,2022.8.4W,5.01,5.1
Banbyeoncheon4,2022.9.1W,5.05,6.8
Banbyeoncheon4,2022.9.2W,5.85,10.4
Banbyeoncheon4,2022.9.3W,7.41,8.5
Banbyeoncheon4,2022.9.4W,8.77,7.2
Banbyeoncheon4,2022.10.1W,7.64,14.8
Banbyeoncheon4,2022.10.2W,8.73,16.6
Banbyeoncheon4,2022.10.3W,12.83,8.2
Banbyeoncheon4,2022.10.4W,11.27,6.3
Banbyeoncheon4,2022.11.1W,7.86,4.2
Banbyeoncheon4,2022.11.2W,5.52,2.3
Banbyeoncheon4,2022.11.3W,4.2,4.9
Banbyeoncheon4,2022.11.4W,4.3,1.9
Banbyeoncheon4,2022.12.1W,4.22,1.2
Banbyeoncheon4,2022.12.2W,3.32,1.4
Banbyeoncheon4,2022.12.3W,3.07,1.4
Banbyeoncheon4,2022.12.4W,3.04,0.5
Banbyeoncheon4,2023.1.1W,2.85,0.4
Banbyeoncheon4,2023.1.2W,2.78,0.7
Banbyeoncheon4,2023.1.3W,2.88,2.3
Banbyeoncheon4,2023.1.4W,3.26,1.2
Banbyeoncheon4,2023.2.1W,3.34,1.4
Banbyeoncheon4,2023.2.2W,3.25,1.4
Banbyeoncheon4,2023.2.3W,3.56,2.4
Banbyeoncheon4,2023.2.4W,3.72,5.6
Banbyeoncheon4,2023.3.1W,4.41,9.1
Banbyeoncheon4,2023.3.2W,5.84,8.2
Banbyeoncheon4,2023.3.3W,7.08,13.3
Banbyeoncheon4,2023.3.4W,12.63,7.4
Banbyeoncheon4,2023.4.1W,11.38,4.3
Banbyeoncheon4,2023.4.2W,5.83,4.6
Banbyeoncheon4,2023.4.3W,5.15,4.2
Banbyeoncheon4,2023.4.4W,4.51,4
Banbyeoncheon4,2023.5.1W,4.28,3.1
Banbyeoncheon4,2023.5.2W,4.28,3.1
Banbyeoncheon4,2023.5.3W,5.03,8.3
Banbyeoncheon4,2023.5.4W,6.08,7.8
Banbyeoncheon4,2023.6.1W,6.58,7
Banbyeoncheon4,2023.6.2W,6.6,8.9
Banbyeoncheon4,2023.6.3W,6.73,6.6
Banbyeoncheon4,2023.6.4W,6.52,6.7
Banbyeoncheon4,2023.7.1W,5.65,6.5
Banbyeoncheon4,2023.7.2W,6.17,3.4
Geumhogang8,2022.2.1W,14.56,11.1
Geumhogang8,2022.2.2W,16.31,7.3
Geumhogang8,2022.2.3W,13.05,23
Geumhogang8,2022.2.4W,19.85,23.1
Geumhogang8,2022.3.1W,29.72,32.9
Geumhogang8,2022.3.2W,33.61,45.6
Geumhogang8,2022.3.3W,40.7,46
Geumhogang8,2022.3.4W,44.38,51.3
Geumhogang8,2022.4.1W,47.03,45.2
Geumhogang8,2022.4.2W,42.94,46.2
Geumhogang8,2022.4.3W,38.28,14.1
Geumhogang8,2022.4.4W,24.16,10.5
Geumhogang8,2022.5.1W,14.14,16.6
Geumhogang8,2022.5.2W,14.43,10.5
Geumhogang8,2022.5.3W,13.13,24.9
Geumhogang8,2022.5.4W,16.15,55.1
Geumhogang8,2022.6.1W,33.58,36.1
Geumhogang8,2022.6.2W,36.91,43
Geumhogang8,2022.6.3W,37.51,33
Geumhogang8,2022.6.4W,37.06,48
Geumhogang8,2022.7.1W,31.69,67.6
Geumhogang8,2022.7.2W,42.8,127.6
Geumhogang8,2022.7.3W,58.42,110.7
Geumhogang8,2022.7.4W,68.19,75.8
Geumhogang8,2022.8.1W,63.09,54
Geumhogang8,2022.8.2W,52.13,119
Geumhogang8,2022.8.3W,58.53,32.7
Geumhogang8,2022.8.4W,49.07,23.2
Geumhogang8,2022.9.1W,37.69,11.7
Geumhogang8,2022.9.2W,27.9,11.8
Geumhogang8,2022.9.3W,10.26,57.4
Geumhogang8,2022.9.4W,21.38,16.4
Geumhogang8,2022.10.1W,18.43,13.4
Geumhogang8,2022.10.2W,14.87,11.8
Geumhogang8,2022.10.3W,17.34,25.6
Geumhogang8,2022.10.4W,15.23,11
Geumhogang8,2022.11.1W,12.8,12.9
Geumhogang8,2022.11.2W,8.63,6.8
Geumhogang8,2022.11.3W,7.45,19.2
Geumhogang8,2022.11.4W,9.35,9.6
Geumhogang8,2022.12.1W,12.21,5.9
Geumhogang8,2022.12.2W,7.28,12.7
Geumhogang8,2022.12.3W,8.71,7.2
Geumhogang8,2022.12.4W,9.38,2.7
Geumhogang8,2023.1.1W,6.83,8.7
Geumhogang8,2023.1.2W,8.67,7.6
Geumhogang8,2023.1.3W,11.12,15.1
Geumhogang8,2023.1.4W,13.72,10.2
Geumhogang8,2023.2.1W,17.75,16.5
Geumhogang8,2023.2.2W,18.47,15.9
Geumhogang8,2023.2.3W,20.29,23.1
Geumhogang8,2023.2.4W,24.26,11.7
Geumhogang8,2023.3.1W,19.85,18
Geumhogang8,2023.3.2W,18.3,21.4
Geumhogang8,2023.3.3W,25.99,23.6
Geumhogang8,2023.3.4W,27.51,32.7
Geumhogang8,2023.4.1W,31.2,19.6
Geumhogang8,2023.4.2W,25.38,16.5
Geumhogang8,2023.4.3W,17.09,7.6
Geumhogang8,2023.4.4W,13.93,14.3
Geumhogang8,2023.5.1W,13.77,9.9
Geumhogang8,2023.5.2W,12.86,15.9
Geumhogang8,2023.5.3W,14.25,35.6
Geumhogang8,2023.5.4W,28.33,18.3
Geumhogang8,2023.6.1W,22.01,40.1
Geumhogang8,2023.6.2W,23.7,25.5
Geumhogang8,2023.6.3W,29.19,43.9
Geumhogang8,2023.6.4W,29.63,46
Geumhogang8,2023.7.1W,39.53,9.3
Geumhogang8,2023.7.2W,30.08,9.4
Gokgyocheon2,2022.2.1W,8.89,5.4
Gokgyocheon2,2022.2.2W,8.93,10.4
Gokgyocheon2,2022.2.3W,8.8,5.3
Gokgyocheon2,2022.2.4W,10.14,5.2
Gokgyocheon2,2022.3.1W,7.93,9.9
Gokgyocheon2,2022.3.2W,9.93,12.7
Gokgyocheon2,2022.3.3W,12.1,19
Gokgyocheon2,2022.3.4W,12.73,8.1
Gokgyocheon2,2022.4.1W,12.34,13.6
Gokgyocheon2,2022.4.2W,10.97,56.2
Gokgyocheon2,2022.4.3W,13.56,37.6
Gokgyocheon2,2022.4.4W,22.14,54.6
Gokgyocheon2,2022.5.1W,35.63,157.6
Gokgyocheon2,2022.5.2W,42.56,45.7
Gokgyocheon2,2022.5.3W,65.51,45.6
Gokgyocheon2,2022.5.4W,66.13,68.2
Gokgyocheon2,2022.6.1W,54.53,44
Gokgyocheon2,2022.6.2W,55.42,38.4
Gokgyocheon2,2022.6.3W,54.99,81.1
Gokgyocheon2,2022.6.4W,52.98,29.3
Gokgyocheon2,2022.7.1W,45.36,21.1
Gokgyocheon2,2022.7.2W,46.59,18.3
Gokgyocheon2,2022.7.3W,42.5,23.8
Gokgyocheon2,2022.7.4W,35.45,34.8
Gokgyocheon2,2022.8.1W,26.09,13.2
Gokgyocheon2,2022.8.2W,20.46,16.1
Gokgyocheon2,2022.8.3W,24.37,19
Gokgyocheon2,2022.8.4W,21.08,
Gokgyocheon2,2022.9.1W,20.81,9.4
Gokgyocheon2,2022.9.2W,22.3,9.9
Gokgyocheon2,2022.9.3W,15.54,11.2
Gokgyocheon2,2022.9.4W,16.77,9.8
Gokgyocheon2,2022.10.1W,17.87,20.2
Gokgyocheon2,2022.10.2W,10.31,3.7
Gokgyocheon2,2022.10.3W,8.12,3.9
Gokgyocheon2,2022.10.4W,11.34,7
Gokgyocheon2,2022.11.1W,11.47,8.6
Gokgyocheon2,2022.11.2W,7.2,7.1
Gokgyocheon2,2022.11.3W,7.1,6.5
Gokgyocheon2,2022.11.4W,6.22,8.2
Gokgyocheon2,2022.12.1W,4.9,3.8
Gokgyocheon2,2022.12.2W,5.71,4.1
Gokgyocheon2,2022.12.3W,6.41,4.9
Gokgyocheon2,2022.12.4W,7.23,
Gokgyocheon2,2023.1.1W,7.24,3.3
Gokgyocheon2,2023.1.2W,7.32,7.7
Gokgyocheon2,2023.1.3W,7.49,3.8
Gokgyocheon2,2023.1.4W,8,4.4
Gokgyocheon2,2023.2.1W,9.07,10
Gokgyocheon2,2023.2.2W,7.74,11.6
Gokgyocheon2,2023.2.3W,10.07,6.9
Gokgyocheon2,2023.2.4W,13.72,11.7
Gokgyocheon2,2023.3.1W,8.48,17.4
Gokgyocheon2,2023.3.2W,8.27,14.2
Gokgyocheon2,2023.3.3W,11.32,12.1
Gokgyocheon2,2023.3.4W,10.49,12.5
Gokgyocheon2,2023.4.1W,11.42,28.1
Gokgyocheon2,2023.4.2W,12.93,22.6
Gokgyocheon2,2023.4.3W,15.85,69.7
Gokgyocheon2,2023.4.4W,17.03,54.4
Gokgyocheon2,2023.5.1W,27.68,22.5
Gokgyocheon2,2023.5.2W,44.87,17.8
Gokgyocheon2,2023.5.3W,39.5,45.8
Gokgyocheon2,2023.5.4W,29.39,40.9
Gokgyocheon2,2023.6.1W,27.57,99.5
Gokgyocheon2,2023.6.2W,31.78,136.9
Gokgyocheon2,2023.6.3W,27.78,56.2
Gokgyocheon2,2023.6.4W,40.37,22.1
Gokgyocheon2,2023.7.1W,71.69,18.2
Gokgyocheon2,2023.7.2W,71.41,15.6
Gokgyocheon2,2022.1.2W,17.63,5.7
Goryeong,2022.2.1W,20.85,14.9
Goryeong,2022.2.2W,22.69,16.6
Goryeong,2022.2.3W,20.52,18.1
Goryeong,2022.2.4W,22.91,18.1
Goryeong,2022.3.1W,22.32,17.2
Goryeong,2022.3.2W,21.47,17.3
Goryeong,2022.3.3W,20.45,15.3
Goryeong,2022.3.4W,18.92,14
Goryeong,2022.4.1W,16.43,36.5
Goryeong,2022.4.2W,22.3,11.8
Goryeong,2022.4.3W,19.43,22.5
Goryeong,2022.4.4W,17.6,4.9
Goryeong,2022.5.1W,16.94,10.3
Goryeong,2022.5.2W,12.61,6.7
Goryeong,2022.5.3W,11.35,8
Goryeong,2022.5.4W,10.72,4.9
Goryeong,2022.6.1W,9.91,13.6
Goryeong,2022.6.2W,10.27,54.2
Goryeong,2022.6.3W,21.63,66.1
Goryeong,2022.6.4W,36.45,20.6
Goryeong,2022.7.1W,30.04,25.6
Goryeong,2022.7.2W,31.63,67.2
Goryeong,2022.7.3W,41.88,125.4
Goryeong,2022.7.4W,53.01,92.1
Goryeong,2022.8.1W,57.2,11
Goryeong,2022.8.2W,26.18,46
Goryeong,2022.8.3W,22.37,7
Goryeong,2022.8.4W,22.2,13.4
Goryeong,2022.9.1W,15.21,5
Goryeong,2022.9.2W,17.35,18.7
Goryeong,2022.9.3W,11.39,13.7
Goryeong,2022.9.4W,16.14,26.4
Goryeong,2022.10.1W,22.23,9.6
Goryeong,2022.10.2W,17.2,16.9
Goryeong,2022.10.3W,14.58,9
Goryeong,2022.10.4W,14.81,4.8
Goryeong,2022.11.1W,8.81,6.5
Goryeong,2022.11.2W,7.97,4.7
Goryeong,2022.11.3W,7.78,14.9
Goryeong,2022.11.4W,10.41,3.9
Goryeong,2022.12.1W,8.83,7.3
Goryeong,2022.12.2W,6.65,23.4
Goryeong,2022.12.3W,14.72,24.4
Goryeong,2022.12.4W,24.23,14.2
Goryeong,2023.1.1W,17.39,10
Goryeong,2023.1.2W,13.05,11.9
Goryeong,2023.1.3W,14.15,9.7
Goryeong,2023.1.4W,13.88,12.8
Goryeong,2023.2.1W,15.09,16
Goryeong,2023.2.2W,18.34,14.6
Goryeong,2023.2.3W,20.14,20.4
Goryeong,2023.2.4W,23.62,30.1
Goryeong,2023.3.1W,29.28,24.5
Goryeong,2023.3.2W,27.99,22.1
Goryeong,2023.3.3W,20.72,21
Goryeong,2023.3.4W,23.92,28.3
Goryeong,2023.4.1W,24.91,17.8
Goryeong,2023.4.2W,19.39,16.9
Goryeong,2023.4.3W,15.15,6.8
Goryeong,2023.4.4W,11.59,3.4
Goryeong,2023.5.1W,8.88,9.5
Goryeong,2023.5.2W,10.31,6.4
Goryeong,2023.5.3W,10.56,9.2
Goryeong,2023.5.4W,10.75,4.8
Goryeong,2023.6.1W,10.12,31.1
Goryeong,2023.6.2W,14.09,10.8
Goryeong,2023.6.3W,15.68,20.3
Goryeong,2023.6.4W,15.8,13.8
Goryeong,2023.7.1W,19.46,6
Goryeong,2023.7.2W,14.02,3.2
Gupo,2022.2.1W,20.44,17.3
Gupo,2022.2.2W,20.48,23.3
Gupo,2022.2.3W,21.77,23.4
Gupo,2022.2.4W,23.32,
Gupo,2022.3.1W,21.65,19.7
Gupo,2022.3.2W,23.48,25.9
Gupo,2022.3.3W,24.19,25.2
Gupo,2022.3.4W,21.71,27.1
Gupo,2022.4.1W,21.05,9.3
Gupo,2022.4.2W,15.56,5.9
Gupo,2022.4.3W,10.2,8
Gupo,2022.4.4W,10.81,5.7
Gupo,2022.5.1W,11.35,23.7
Gupo,2022.5.2W,15.99,4.8
Gupo,2022.5.3W,11.96,21.1
Gupo,2022.5.4W,13.48,9.6
Gupo,2022.6.1W,16.39,16.9
Gupo,2022.6.2W,13.75,34.1
Gupo,2022.6.3W,24.54,74.7
Gupo,2022.6.4W,33.55,29.4
Gupo,2022.7.1W,26.15,61.4
Gupo,2022.7.2W,29.44,46.7
Gupo,2022.7.3W,36.35,48.2
Gupo,2022.7.4W,31.74,188.5
Gupo,2022.8.1W,58.93,56.8
Gupo,2022.8.2W,47.01,38.4
Gupo,2022.8.3W,31.28,38.8
Gupo,2022.8.4W,41.13,61.3
Gupo,2022.9.1W,40.07,18.9
Gupo,2022.9.2W,25.32,13.6
Gupo,2022.9.3W,21.18,34.3
Gupo,2022.9.4W,30.78,43.9
Gupo,2022.10.1W,33.03,65.8
Gupo,2022.10.2W,36.58,10.4
Gupo,2022.10.3W,18.26,13.9
Gupo,2022.10.4W,14.3,16.2
Gupo,2022.11.1W,21.48,12.7
Gupo,2022.11.2W,16.58,15.8
Gupo,2022.11.3W,14.92,15.8
Gupo,2022.11.4W,15.59,7.7
Gupo,2022.12.1W,14.1,9.9
Gupo,2022.12.2W,10.5,15.4
Gupo,2022.12.3W,12.26,24.7
Gupo,2022.12.4W,22.26,20.6
Gupo,2023.1.1W,23.17,13
Gupo,2023.1.2W,15.76,19.5
Gupo,2023.1.3W,17.96,40
Gupo,2023.1.4W,30.27,13.4
Gupo,2023.2.1W,22.05,20.8
Gupo,2023.2.2W,17.56,22.1
Gupo,2023.2.3W,27.63,24.7
Gupo,2023.2.4W,26.48,24
Gupo,2023.3.1W,21.99,16.9
Gupo,2023.3.2W,21.06,13.7
Gupo,2023.3.3W,21.04,4.1
Gupo,2023.3.4W,14.4,5
Gupo,2023.4.1W,8.66,5.4
Gupo,2023.4.2W,7.14,5.7
Gupo,2023.4.3W,6.7,10.1
Gupo,2023.4.4W,8.76,16
Gupo,2023.5.1W,13.08,10.4
Gupo,2023.5.2W,12.12,16.7
Gupo,2023.5.3W,10.41,25.9
Gupo,2023.5.4W,20.29,55.3
Gupo,2023.6.1W,39.24,51
Gupo,2023.6.2W,40.25,45.4
Gupo,2023.6.3W,33.02,18.7
Gupo,2023.6.4W,25.77,27.7
Gupo,2023.7.1W,26.7,23.1
Gupo,2023.7.2W,30.6,11.3
Hakseong,2022.2.1W,11.09,6.4
Hakseong,2022.2.2W,8.72,19.9
Hakseong,2022.2.3W,5.42,2.3
Hakseong,2022.2.4W,7.5,
Hakseong,2022.3.1W,5.51,7.4
Hakseong,2022.3.2W,6,6.4
Hakseong,2022.3.3W,6.72,23.1
Hakseong,2022.3.4W,7.28,7.7
Hakseong,2022.4.1W,8.05,7.3
Hakseong,2022.4.2W,8.41,7.5
Hakseong,2022.4.3W,8.43,3
Hakseong,2022.4.4W,6.19,4.8
Hakseong,2022.5.1W,4.91,3.9
Hakseong,2022.5.2W,4.67,6.7
Hakseong,2022.5.3W,5,2.9
Hakseong,2022.5.4W,5.09,21.4
Hakseong,2022.6.1W,5.63,7.4
Hakseong,2022.6.2W,6.92,18.8
Hakseong,2022.6.3W,7.48,76.7
Hakseong,2022.6.4W,12.53,7.2
Hakseong,2022.7.1W,9.69,132.3
Hakseong,2022.7.2W,21.47,27.8
Hakseong,2022.7.3W,29.14,10.6
Hakseong,2022.7.4W,15.28,78.1
Hakseong,2022.8.1W,34.49,28.9
Hakseong,2022.8.2W,24.95,17.6
Hakseong,2022.8.3W,13.75,9.8
Hakseong,2022.8.4W,11.3,10.9
Hakseong,2022.9.1W,8.01,21.8
Hakseong,2022.9.2W,2.01,1.1
Hakseong,2022.9.3W,8.95,5.3
Hakseong,2022.9.4W,7.52,5.3
Hakseong,2022.10.1W,4.41,16.4
Hakseong,2022.10.2W,5.27,2.7
Hakseong,2022.10.3W,5.24,3.3
Hakseong,2022.10.4W,4.26,2.1
Hakseong,2022.11.1W,4.34,3.8
Hakseong,2022.11.2W,3.87,3
Hakseong,2022.11.3W,3.67,2.6
Hakseong,2022.11.4W,3.89,2
Hakseong,2022.12.1W,3.7,2.8
Hakseong,2022.12.2W,3.7,7.7
Hakseong,2022.12.3W,4.19,2.6
Hakseong,2022.12.4W,4,3.5
Hakseong,2023.1.1W,3.88,7.2
Hakseong,2023.1.2W,5.11,2.5
Hakseong,2023.1.3W,4.86,13.2
Hakseong,2023.1.4W,5.06,50.6
Hakseong,2023.2.1W,9.62,39.5
Hakseong,2023.2.2W,12.67,3
Hakseong,2023.2.3W,8.53,3.2
Hakseong,2023.2.4W,5.96,19.4
Hakseong,2023.3.1W,7.43,13.1
Hakseong,2023.3.2W,7.72,1.5
Hakseong,2023.3.3W,6.59,3.8
Hakseong,2023.3.4W,5.12,9.2
Hakseong,2023.4.1W,5.85,6.6
Hakseong,2023.4.2W,7.6,2.2
Hakseong,2023.4.3W,5.53,2.5
Hakseong,2023.4.4W,4.09,6.9
Hakseong,2023.5.1W,4.54,3.3
Hakseong,2023.5.2W,4.9,4.6
Hakseong,2023.5.3W,5.55,8.9
Hakseong,2023.5.4W,5.94,14
Hakseong,2023.6.1W,6.35,21.9
Hakseong,2023.6.2W,9.12,22.3
Hakseong,2023.6.3W,15.7,40.1
Hakseong,2023.6.4W,18.62,112
Hakseong,2023.7.1W,26.07,8.2
Hakseong,2023.7.2W,12.7,8.6
Jeokseong,2022.2.1W,3.38,0.9
Jeokseong,2022.2.2W,3.18,1.3
Jeokseong,2022.2.3W,2.98,1.9
Jeokseong,2022.2.4W,3.06,0.9
Jeokseong,2022.3.1W,2.69,2.6
Jeokseong,2022.3.2W,3.01,2.9
Jeokseong,2022.3.3W,4.3,8.3
Jeokseong,2022.3.4W,5.3,2.4
Jeokseong,2022.4.1W,5.91,2.3
Jeokseong,2022.4.2W,5.39,3.1
Jeokseong,2022.4.3W,4.23,5.7
Jeokseong,2022.4.4W,4.11,4.8
Jeokseong,2022.5.1W,4.25,5.2
Jeokseong,2022.5.2W,4.48,7
Jeokseong,2022.5.3W,5.27,4.5
Jeokseong,2022.5.4W,5,22.3
Jeokseong,2022.6.1W,8.41,13.3
Jeokseong,2022.6.2W,18.74,3.6
Jeokseong,2022.6.3W,15.7,7
Jeokseong,2022.6.4W,12.08,22.2
Jeokseong,2022.7.1W,13.13,18.2
Jeokseong,2022.7.2W,16.66,9.1
Jeokseong,2022.7.3W,12.21,4.7
Jeokseong,2022.7.4W,7.57,3.6
Jeokseong,2022.8.1W,5.75,9
Jeokseong,2022.8.2W,6.25,7.1
Jeokseong,2022.8.3W,6.54,4.2
Jeokseong,2022.8.4W,6.47,6.1
Jeokseong,2022.9.1W,8.29,4.6
Jeokseong,2022.9.2W,7.15,2.2
Jeokseong,2022.9.3W,5.01,5.4
Jeokseong,2022.9.4W,4.12,3.6
Jeokseong,2022.10.1W,3.94,2.2
Jeokseong,2022.10.2W,3.36,3.1
Jeokseong,2022.10.3W,3.23,2.2
Jeokseong,2022.10.4W,2.86,1.1
Jeokseong,2022.11.1W,2.43,2.7
Jeokseong,2022.11.2W,2.37,1.2
Jeokseong,2022.11.3W,2.16,4
Jeokseong,2022.11.4W,3.85,2.9
Jeokseong,2022.12.1W,5,2.1
Jeokseong,2022.12.2W,4.56,0.9
Jeokseong,2022.12.3W,4.16,1.2
Jeokseong,2022.12.4W,2.5,1.3
Jeokseong,2023.1.1W,3.25,0.6
Jeokseong,2023.1.2W,2.83,1
Jeokseong,2023.1.3W,2.15,4.3
Jeokseong,2023.1.4W,3.25,0.9
Jeokseong,2023.2.1W,4.31,0.8
Jeokseong,2023.2.2W,3.89,2
Jeokseong,2023.2.3W,3.33,3
Jeokseong,2023.2.4W,3.31,4.7
Jeokseong,2023.3.1W,3.98,2
Jeokseong,2023.3.2W,4.14,3.1
Jeokseong,2023.3.3W,4,2.3
Jeokseong,2023.3.4W,3.93,2.5
Jeokseong,2023.4.1W,3.62,12.8
Jeokseong,2023.4.2W,5.12,0.9
Jeokseong,2023.4.3W,5.23,1.9
Jeokseong,2023.4.4W,3.89,3.1
Jeokseong,2023.5.1W,4.13,1.7
Jeokseong,2023.5.2W,3.64,2.5
Jeokseong,2023.5.3W,4.48,4.7
Jeokseong,2023.5.4W,5.61,16.5
Jeokseong,2023.6.1W,12.81,2.7
Jeokseong,2023.6.2W,9.95,10.2
Jeokseong,2023.6.3W,9.28,6.3
Jeokseong,2023.6.4W,10.74,33.3
Jeokseong,2023.7.1W,12.3,2.2
Jeokseong,2023.7.2W,8.36,1.2
Mulgeum,2022.2.1W,13.71,15.2
Mulgeum,2022.2.2W,19.24,16.3
Mulgeum,2022.2.3W,23.89,19.2
Mulgeum,2022.2.4W,24.79,20.7
Mulgeum,2022.3.1W,25.67,34.7
Mulgeum,2022.3.2W,30.69,35.1
Mulgeum,2022.3.3W,33.47,14.8
Mulgeum,2022.3.4W,19.03,13.7
Mulgeum,2022.4.1W,15.98,18.4
Mulgeum,2022.4.2W,22.56,10.5
Mulgeum,2022.4.3W,15.48,7.6
Mulgeum,2022.4.4W,10.59,9.3
Mulgeum,2022.5.1W,10.44,4.7
Mulgeum,2022.5.2W,8.19,4.7
Mulgeum,2022.5.3W,6.77,8
Mulgeum,2022.5.4W,6.92,35.9
Mulgeum,2022.6.1W,13.19,20.4
Mulgeum,2022.6.2W,19.56,27.6
Mulgeum,2022.6.3W,22.36,23.3
Mulgeum,2022.6.4W,28.53,22.6
Mulgeum,2022.7.1W,25.33,47.3
Mulgeum,2022.7.2W,29.53,37.2
Mulgeum,2022.7.3W,33.49,42.2
Mulgeum,2022.7.4W,32.98,53.7
Mulgeum,2022.8.1W,33.26,23.3
Mulgeum,2022.8.2W,31.89,47
Mulgeum,2022.8.3W,34.28,95.5
Mulgeum,2022.8.4W,42.28,67.8
Mulgeum,2022.9.1W,44.28,17.6
Mulgeum,2022.9.2W,32.77,8.2
Mulgeum,2022.9.3W,22.89,28.4
Mulgeum,2022.9.4W,27.64,45.9
Mulgeum,2022.10.1W,32.18,42.8
Mulgeum,2022.10.2W,31.11,14.8
Mulgeum,2022.10.3W,16.67,5.1
Mulgeum,2022.10.4W,11.28,6.5
Mulgeum,2022.11.1W,10.23,7.7
Mulgeum,2022.11.2W,8.77,7.4
Mulgeum,2022.11.3W,8.93,8.2
Mulgeum,2022.11.4W,9.31,4.9
Mulgeum,2022.12.1W,7.63,7.7
Mulgeum,2022.12.2W,7.1,7.9
Mulgeum,2022.12.3W,7.96,14.2
Mulgeum,2022.12.4W,10.46,10.8
Mulgeum,2023.1.1W,11.91,12.2
Mulgeum,2023.1.2W,11.72,18.2
Mulgeum,2023.1.3W,18.44,7.3
Mulgeum,2023.1.4W,14.77,12.7
Mulgeum,2023.2.1W,11.82,15.7
Mulgeum,2023.2.2W,19.02,25.3
Mulgeum,2023.2.3W,26.76,33.9
Mulgeum,2023.2.4W,33.4,35.7
Mulgeum,2023.3.1W,34.03,26.7
Mulgeum,2023.3.2W,28.07,14.9
Mulgeum,2023.3.3W,17.52,12.1
Mulgeum,2023.3.4W,14.23,2.1
Mulgeum,2023.4.1W,9.89,3.4
Mulgeum,2023.4.2W,6.41,3.6
Mulgeum,2023.4.3W,6.69,3.3
Mulgeum,2023.4.4W,6.75,12
Mulgeum,2023.5.1W,10.38,4.4
Mulgeum,2023.5.2W,10.56,2.8
Mulgeum,2023.5.3W,7.91,21.1
Mulgeum,2023.5.4W,15.13,12.1
Mulgeum,2023.6.1W,17.29,10
Mulgeum,2023.6.2W,12.42,13.6
Mulgeum,2023.6.3W,15.52,26.1
Mulgeum,2023.6.4W,22.48,13.6
Mulgeum,2023.7.1W,19.17,7.6
Mulgeum,2023.7.2W,16.26,8.1
Naeseongcheon5,2022.2.1W,3.93,2.4
Naeseongcheon5,2022.2.2W,4.04,3.7
Naeseongcheon5,2022.2.3W,3.99,5.1
Naeseongcheon5,2022.2.4W,4.72,4.7
Naeseongcheon5,2022.3.1W,5.39,1.5
Naeseongcheon5,2022.3.2W,4.16,12.2
Naeseongcheon5,2022.3.3W,5.64,5.6
Naeseongcheon5,2022.3.4W,8.77,4.4
Naeseongcheon5,2022.4.1W,6.6,1.7
Naeseongcheon5,2022.4.2W,5.22,2.5
Naeseongcheon5,2022.4.3W,3.45,4.1
Naeseongcheon5,2022.4.4W,3.2,62.1
Naeseongcheon5,2022.5.1W,12.92,11.8
Naeseongcheon5,2022.5.2W,13.96,5.5
Naeseongcheon5,2022.5.3W,7.57,8.1
Naeseongcheon5,2022.5.4W,9.65,6.6
Naeseongcheon5,2022.6.1W,7.62,4.1
Naeseongcheon5,2022.6.2W,5.58,1.5
Naeseongcheon5,2022.6.3W,3.69,7.6
Naeseongcheon5,2022.6.4W,3.51,7.4
Naeseongcheon5,2022.7.1W,4.17,9.2
Naeseongcheon5,2022.7.2W,4.81,27
Naeseongcheon5,2022.7.3W,7.62,4
Naeseongcheon5,2022.7.4W,13.13,8.8
Naeseongcheon5,2022.8.1W,11.43,4.5
Naeseongcheon5,2022.8.2W,5.47,2.4
Naeseongcheon5,2022.8.3W,3.7,3.1
Naeseongcheon5,2022.8.4W,3.35,3.6
Naeseongcheon5,2022.9.1W,3.92,8.2
Naeseongcheon5,2022.9.2W,4.87,3.1
Naeseongcheon5,2022.9.3W,5.14,6.7
Naeseongcheon5,2022.9.4W,4.92,1.3
Naeseongcheon5,2022.10.1W,4.13,12.5
Naeseongcheon5,2022.10.2W,4.8,0.9
Naeseongcheon5,2022.10.3W,5.09,1.6
Naeseongcheon5,2022.10.4W,3.27,3
Naeseongcheon5,2022.11.1W,2.94,2.7
Naeseongcheon5,2022.11.2W,2.8,4.7
Naeseongcheon5,2022.11.3W,3.4,61.5
Naeseongcheon5,2022.11.4W,13.54,3.1
Naeseongcheon5,2022.12.1W,10.8,1.1
Naeseongcheon5,2022.12.2W,3.18,2.1
Naeseongcheon5,2022.12.3W,3.53,2.4
Naeseongcheon5,2022.12.4W,2.93,1.5
Naeseongcheon5,2023.1.1W,2.77,1.4
Naeseongcheon5,2023.1.2W,2.73,0.8
Naeseongcheon5,2023.1.3W,2.29,2.7
Naeseongcheon5,2023.1.4W,2.55,0.7
Naeseongcheon5,2023.2.1W,3.08,3.5
Naeseongcheon5,2023.2.2W,3.7,8.1
Naeseongcheon5,2023.2.3W,6.39,3
Naeseongcheon5,2023.2.4W,6.34,2
Naeseongcheon5,2023.3.1W,4.44,2.4
Naeseongcheon5,2023.3.2W,4.08,5.2
Naeseongcheon5,2023.3.3W,4.17,14.1
Naeseongcheon5,2023.3.4W,6.98,7.8
Naeseongcheon5,2023.4.1W,8.91,6.5
Naeseongcheon5,2023.4.2W,6.69,5.9
Naeseongcheon5,2023.4.3W,6.04,4
Naeseongcheon5,2023.4.4W,5.29,3.6
Naeseongcheon5,2023.5.1W,4.48,7.6
Naeseongcheon5,2023.5.2W,5.01,8.6
Naeseongcheon5,2023.5.3W,6.46,2.6
Naeseongcheon5,2023.5.4W,5.91,3.4
Naeseongcheon5,2023.6.1W,4.5,4.2
Naeseongcheon5,2023.6.2W,3.36,20.1
Naeseongcheon5,2023.6.3W,5.88,7.5
Naeseongcheon5,2023.6.4W,7.76,14.2
Naeseongcheon5,2023.7.1W,7.46,10.9
Naeseongcheon5,2023.7.2W,9.82,6.7
Namgang7,2022.2.1W,41.88,34.1
Namgang7,2022.2.2W,34.48,28.8
Namgang7,2022.2.3W,30.24,21.1
Namgang7,2022.2.4W,26.26,12.9
Namgang7,2022.3.1W,18.34,15.9
Namgang7,2022.3.2W,19.77,28
Namgang7,2022.3.3W,27.23,31.7
Namgang7,2022.3.4W,28.76,17.4
Namgang7,2022.4.1W,20.45,12.9
Namgang7,2022.4.2W,13.7,21.5
Namgang7,2022.4.3W,16.53,11.8
Namgang7,2022.4.4W,18.33,14.5
Namgang7,2022.5.1W,17.37,33.2
Namgang7,2022.5.2W,23.86,18.9
Namgang7,2022.5.3W,24.7,14.4
Namgang7,2022.5.4W,19.16,11.3
Namgang7,2022.6.1W,18.19,14.5
Namgang7,2022.6.2W,18.22,51.9
Namgang7,2022.6.3W,24.86,35.8
Namgang7,2022.6.4W,31.64,51.9
Namgang7,2022.7.1W,33.86,28.1
Namgang7,2022.7.2W,36.66,65
Namgang7,2022.7.3W,38.88,83
Namgang7,2022.7.4W,44.48,39.6
Namgang7,2022.8.1W,40.27,81.8
Namgang7,2022.8.2W,45.33,33.1
Namgang7,2022.8.3W,43.62,46
Namgang7,2022.8.4W,36.81,28
Namgang7,2022.9.1W,38.64,17.5
Namgang7,2022.9.2W,34.41,16.1
Namgang7,2022.9.3W,29.38,59.2
Namgang7,2022.9.4W,33.34,32.1
Namgang7,2022.10.1W,30.79,76.4
Namgang7,2022.10.2W,35.04,54.3
Namgang7,2022.10.3W,40.83,31.6
Namgang7,2022.10.4W,33.01,26.7
Namgang7,2022.11.1W,28.56,15
Namgang7,2022.11.2W,19.92,11.3
Namgang7,2022.11.3W,14.99,17.1
Namgang7,2022.11.4W,16.01,15
Namgang7,2022.12.1W,17.87,14.1
Namgang7,2022.12.2W,14.7,40.2
Namgang7,2022.12.3W,24.06,28.4
Namgang7,2022.12.4W,29.54,6.8
Namgang7,2023.1.1W,11.64,8.4
Namgang7,2023.1.2W,9.02,13.4
Namgang7,2023.1.3W,13.01,17.7
Namgang7,2023.1.4W,18.3,13.65
Namgang7,2023.2.1W,21.15,9.6
Namgang7,2023.2.2W,12.5,11.4
Namgang7,2023.2.3W,11.54,18.7
Namgang7,2023.2.4W,21.17,20.2
Namgang7,2023.3.1W,24.43,8.8
Namgang7,2023.3.2W,15.97,17.4
Namgang7,2023.3.3W,16,26.9
Namgang7,2023.3.4W,23.86,54.3
Namgang7,2023.4.1W,32.27,51.4
Namgang7,2023.4.2W,38.67,33.7
Namgang7,2023.4.3W,30.86,11.7
Namgang7,2023.4.4W,15.68,21.3
Namgang7,2023.5.1W,18.01,26.4
Namgang7,2023.5.2W,26.87,9.2
Namgang7,2023.5.3W,15.42,22.1
Namgang7,2023.5.4W,19.62,52.6
Namgang7,2023.6.1W,36.04,25
Namgang7,2023.6.2W,27.29,42.5
Namgang7,2023.6.3W,30.12,37.2
Namgang7,2023.6.4W,36.71,12.6
Namgang7,2023.7.1W,25.37,10.7
Namgang7,2023.7.2W,23.74,12.5
Namji,2022.2.1W,18.64,20
Namji,2022.2.2W,22.96,18.3
Namji,2022.2.3W,21.74,12
Namji,2022.2.4W,16.65,
Namji,2022.3.1W,15.01,12
Namji,2022.3.2W,14.34,9.6
Namji,2022.3.3W,13.84,9.6
Namji,2022.3.4W,14.75,13
Namji,2022.4.1W,19.44,13.2
Namji,2022.4.2W,17.15,16.5
Namji,2022.4.3W,14.52,15.3
Namji,2022.4.4W,16.83,14.8
Namji,2022.5.1W,16.16,4
Namji,2022.5.2W,10.56,6.9
Namji,2022.5.3W,7.85,28.6
Namji,2022.5.4W,17.14,4.4
Namji,2022.6.1W,10.64,22.8
Namji,2022.6.2W,12.28,34.2
Namji,2022.6.3W,29.05,58.3
Namji,2022.6.4W,31.15,24.6
Namji,2022.7.1W,28.64,131.9
Namji,2022.7.2W,43.87,64.7
Namji,2022.7.3W,45.54,62.5
Namji,2022.7.4W,38.05,32.4
Namji,2022.8.1W,44.81,77.8
Namji,2022.8.2W,43.35,35.9
Namji,2022.8.3W,39.57,27.1
Namji,2022.8.4W,36,22
Namji,2022.9.1W,37.77,15.4
Namji,2022.9.2W,29.67,19.7
Namji,2022.9.3W,23.12,54.8
Namji,2022.9.4W,32.45,58.5
Namji,2022.10.1W,38.14,75.8
Namji,2022.10.2W,39.75,29.1
Namji,2022.10.3W,33.26,27
Namji,2022.10.4W,25.67,5
Namji,2022.11.1W,14.61,6.2
Namji,2022.11.2W,8.51,12.5
Namji,2022.11.3W,11.07,18
Namji,2022.11.4W,14.34,18.7
Namji,2022.12.1W,18.19,8.7
Namji,2022.12.2W,13.11,9.4
Namji,2022.12.3W,9.73,23
Namji,2022.12.4W,17.67,11.4
Namji,2023.1.1W,17.06,21.1
Namji,2023.1.2W,17.32,15.8
Namji,2023.1.3W,23.8,18.4
Namji,2023.1.4W,21.57,11.5
Namji,2023.2.1W,19.92,10.6
Namji,2023.2.2W,18.88,20.8
Namji,2023.2.3W,22.64,15.5
Namji,2023.2.4W,19.83,15.1
Namji,2023.3.1W,19.77,10.4
Namji,2023.3.2W,16.99,13.6
Namji,2023.3.3W,17.23,7.7
Namji,2023.3.4W,15.17,11.7
Namji,2023.4.1W,11.51,4.7
Namji,2023.4.2W,10.04,25.4
Namji,2023.4.3W,13.37,11.8
Namji,2023.4.4W,15.32,12.7
Namji,2023.5.1W,14.72,7.8
Namji,2023.5.2W,13.89,5.3
Namji,2023.5.3W,7.72,21.7
Namji,2023.5.4W,12.35,11.9
Namji,2023.6.1W,16.66,29
Namji,2023.6.2W,16.34,65.5
Namji,2023.6.3W,31.27,24
Namji,2023.6.4W,28.13,15.2
Namji,2023.7.1W,25.32,31.4
Namji,2023.7.2W,32.62,12.5
Nonsancheon4,2022.2.1W,1.92,10.8
Nonsancheon4,2022.2.2W,3.8,8.1
Nonsancheon4,2022.2.3W,6.17,8.5
Nonsancheon4,2022.2.4W,8.65,4.9
Nonsancheon4,2022.3.1W,8.8,22.6
Nonsancheon4,2022.3.2W,13.65,28.6
Nonsancheon4,2022.3.3W,26.65,24
Nonsancheon4,2022.3.4W,29.48,10.6
Nonsancheon4,2022.4.1W,20.47,45.3
Nonsancheon4,2022.4.2W,16.4,21.4
Nonsancheon4,2022.4.3W,25.38,37.9
Nonsancheon4,2022.4.4W,27.13,26.8
Nonsancheon4,2022.5.1W,28.35,81.3
Nonsancheon4,2022.5.2W,30.49,48.4
Nonsancheon4,2022.5.3W,37.67,34.1
Nonsancheon4,2022.5.4W,41.87,19
Nonsancheon4,2022.6.1W,38.79,16.4
Nonsancheon4,2022.6.2W,38.65,15.9
Nonsancheon4,2022.6.3W,35.91,24.6
Nonsancheon4,2022.6.4W,28.25,39.6
Nonsancheon4,2022.7.1W,21.08,28.4
Nonsancheon4,2022.7.2W,27.14,39.5
Nonsancheon4,2022.7.3W,31.35,13.9
Nonsancheon4,2022.7.4W,33.24,30.7
Nonsancheon4,2022.8.1W,36.9,55.1
Nonsancheon4,2022.8.2W,34.81,37.15
Nonsancheon4,2022.8.3W,37.22,19.2
Nonsancheon4,2022.8.4W,46.41,
Nonsancheon4,2022.9.1W,43.2,15.9
Nonsancheon4,2022.9.2W,34.46,32.4
Nonsancheon4,2022.9.3W,31.03,59
Nonsancheon4,2022.9.4W,33.1,65.9
Nonsancheon4,2022.10.1W,39.91,6.6
Nonsancheon4,2022.10.2W,42.81,55
Nonsancheon4,2022.10.3W,21.21,53.5
Nonsancheon4,2022.10.4W,26.93,15.4
Nonsancheon4,2022.11.1W,48.37,37.6
Nonsancheon4,2022.11.2W,24.32,49.6
Nonsancheon4,2022.11.3W,21.07,43.4
Nonsancheon4,2022.11.4W,35.11,50.4
Nonsancheon4,2022.12.1W,30.75,1.4
Nonsancheon4,2022.12.2W,33.88,2.6
Nonsancheon4,2022.12.3W,40.54,3.35
Nonsancheon4,2022.12.4W,14.14,
Nonsancheon4,2023.1.1W,5.52,4.1
Nonsancheon4,2023.1.2W,6.79,5.6
Nonsancheon4,2023.1.3W,4.89,6.7
Nonsancheon4,2023.1.4W,5.7,
Nonsancheon4,2023.2.1W,7.69,6.15
Nonsancheon4,2023.2.2W,8.91,5.6
Nonsancheon4,2023.2.3W,8.66,26.5
Nonsancheon4,2023.2.4W,13.4,29.2
Nonsancheon4,2023.3.1W,22.47,47.9
Nonsancheon4,2023.3.2W,27.7,72.4
Nonsancheon4,2023.3.3W,38.38,123.9
Nonsancheon4,2023.3.4W,46.11,24.9
Nonsancheon4,2023.4.1W,57.82,55.7
Nonsancheon4,2023.4.2W,42.58,103.1
Nonsancheon4,2023.4.3W,38.52,66.8
Nonsancheon4,2023.4.4W,58.34,70.9
Nonsancheon4,2023.5.1W,53.52,93.1
Nonsancheon4,2023.5.2W,50.49,10
Nonsancheon4,2023.5.3W,56,41.2
Nonsancheon4,2023.5.4W,26.38,29.5
Nonsancheon4,2023.6.1W,22.66,38.7
Nonsancheon4,2023.6.2W,40.59,26.6
Nonsancheon4,2023.6.3W,26.87,25.4
Nonsancheon4,2023.6.4W,35.38,13
Nonsancheon4,2023.7.1W,40.4,28.5
Nonsancheon4,2023.7.2W,34.61,8.5
Nonsancheon4,2022.1.2W,20.68,6.3
Sangju3,2022.2.1W,11.07,8.3
Sangju3,2022.2.2W,10.05,12.7
Sangju3,2022.2.3W,11,14.7
Sangju3,2022.2.4W,12.66,14.9
Sangju3,2022.3.1W,15.62,19.3
Sangju3,2022.3.2W,21.41,21.7
Sangju3,2022.3.3W,21.85,16.4
Sangju3,2022.3.4W,16.31,19.2
Sangju3,2022.4.1W,18.16,20.3
Sangju3,2022.4.2W,22.91,13.8
Sangju3,2022.4.3W,15.58,28.4
Sangju3,2022.4.4W,16.99,25.5
Sangju3,2022.5.1W,21.99,24.3
Sangju3,2022.5.2W,20,20.8
Sangju3,2022.5.3W,20.94,13.8
Sangju3,2022.5.4W,18.31,23.3
Sangju3,2022.6.1W,19.73,11.7
Sangju3,2022.6.2W,17.67,17.7
Sangju3,2022.6.3W,15.72,6.8
Sangju3,2022.6.4W,12.59,10.8
Sangju3,2022.7.1W,8.44,29.2
Sangju3,2022.7.2W,16.08,31.4
Sangju3,2022.7.3W,22.72,9.6
Sangju3,2022.7.4W,17.25,5.9
Sangju3,2022.8.1W,11.7,5.8
Sangju3,2022.8.2W,7.6,5
Sangju3,2022.8.3W,5.62,5.2
Sangju3,2022.8.4W,5.2,20.8
Sangju3,2022.9.1W,9,7.3
Sangju3,2022.9.2W,13.92,28.4
Sangju3,2022.9.3W,16.58,23.1
Sangju3,2022.9.4W,22.83,20.8
Sangju3,2022.10.1W,16.6,29.5
Sangju3,2022.10.2W,20.03,27.5
Sangju3,2022.10.3W,24.93,43.8
Sangju3,2022.10.4W,27.59,35.6
Sangju3,2022.11.1W,27.7,22.9
Sangju3,2022.11.2W,19,21.2
Sangju3,2022.11.3W,18.4,9.9
Sangju3,2022.11.4W,13.83,9.4
Sangju3,2022.12.1W,9.97,1.4
Sangju3,2022.12.2W,6.84,15.4
Sangju3,2022.12.3W,8.02,11.2
Sangju3,2022.12.4W,10.94,11
Sangju3,2023.1.1W,9.13,7.8
Sangju3,2023.1.2W,8.82,8.3
Sangju3,2023.1.3W,7.54,8
Sangju3,2023.1.4W,7.65,15.2
Sangju3,2023.2.1W,11.48,23.6
Sangju3,2023.2.2W,21.7,23.8
Sangju3,2023.2.3W,25.62,19.7
Sangju3,2023.2.4W,20.68,21.6
Sangju3,2023.3.1W,18.48,13
Sangju3,2023.3.2W,15.44,10.5
Sangju3,2023.3.3W,11.94,9.4
Sangju3,2023.3.4W,11.1,9.4
Sangju3,2023.4.1W,10.34,9.3
Sangju3,2023.4.2W,10.07,10.9
Sangju3,2023.4.3W,10.23,11.6
Sangju3,2023.4.4W,11.67,10.3
Sangju3,2023.5.1W,11.98,10.6
Sangju3,2023.5.2W,11,8.5
Sangju3,2023.5.3W,10.67,9.7
Sangju3,2023.5.4W,13.53,8.7
Sangju3,2023.6.1W,12.49,28.1
Sangju3,2023.6.2W,16.26,9.5
Sangju3,2023.6.3W,16.78,8.8
Sangju3,2023.6.4W,12.18,13.3
Sangju3,2023.7.1W,11.99,8.2
Sangju3,2023.7.2W,9.04,5
Sangok,2022.2.1W,12.7,7.8
Sangok,2022.2.2W,9.41,9.2
Sangok,2022.2.3W,8.97,11.1
Sangok,2022.2.4W,11.01,11.1
Sangok,2022.3.1W,12.24,9.3
Sangok,2022.3.2W,11.84,11
Sangok,2022.3.3W,11.54,15.7
Sangok,2022.3.4W,15.84,8
Sangok,2022.4.1W,12.94,23.1
Sangok,2022.4.2W,16.96,4.4
Sangok,2022.4.3W,15.31,15.2
Sangok,2022.4.4W,11.9,21.2
Sangok,2022.5.1W,19.86,23.6
Sangok,2022.5.2W,20.79,9
Sangok,2022.5.3W,15.11,5
Sangok,2022.5.4W,9.6,9.6
Sangok,2022.6.1W,7.28,9.1
Sangok,2022.6.2W,7.1,17.7
Sangok,2022.6.3W,11.81,29.7
Sangok,2022.6.4W,21.9,5.4
Sangok,2022.7.1W,11.17,13.2
Sangok,2022.7.2W,9.28,88.5
Sangok,2022.7.3W,24.25,21.1
Sangok,2022.7.4W,20.62,41.6
Sangok,2022.8.1W,25.08,43.6
Sangok,2022.8.2W,37.82,33.6
Sangok,2022.8.3W,31.81,14.8
Sangok,2022.8.4W,24.69,65
Sangok,2022.9.1W,32.46,5.1
Sangok,2022.9.2W,21.55,39.4
Sangok,2022.9.3W,23.78,22.9
Sangok,2022.9.4W,33.8,29.8
Sangok,2022.10.1W,24.39,38.2
Sangok,2022.10.2W,31.11,17.3
Sangok,2022.10.3W,18.43,38.3
Sangok,2022.10.4W,20.11,25.1
Sangok,2022.11.1W,26.17,8.6
Sangok,2022.11.2W,13.69,7
Sangok,2022.11.3W,9.01,6.8
Sangok,2022.11.4W,7.57,16.7
Sangok,2022.12.1W,9.9,13.5
Sangok,2022.12.2W,13.74,11.9
Sangok,2022.12.3W,12.17,16.8
Sangok,2022.12.4W,16.18,13.3
Sangok,2023.1.1W,16.14,17.9
Sangok,2023.1.2W,15.46,17.7
Sangok,2023.1.3W,19.06,14.8
Sangok,2023.1.4W,16.83,18.2
Sangok,2023.2.1W,16.85,19.6
Sangok,2023.2.2W,18.81,20
Sangok,2023.2.3W,20.95,25.4
Sangok,2023.2.4W,22.56,27.6
Sangok,2023.3.1W,24.46,12.4
Sangok,2023.3.2W,17.57,8.6
Sangok,2023.3.3W,12.66,4
Sangok,2023.3.4W,9.02,5.9
Sangok,2023.4.1W,6.4,15.8
Sangok,2023.4.2W,12.78,14.4
Sangok,2023.4.3W,17.41,14.7
Sangok,2023.4.4W,14.96,13.6
Sangok,2023.5.1W,13.89,16
Sangok,2023.5.2W,14.29,7.1
Sangok,2023.5.3W,11.86,11.4
Sangok,2023.5.4W,11.59,25.8
Sangok,2023.6.1W,19.92,13.4
Sangok,2023.6.2W,21.2,5.6
Sangok,2023.6.3W,14.44,2.6
Sangok,2023.6.4W,8.35,22.8
Sangok,2023.7.1W,8.85,10.5
Sangok,2023.7.2W,15.35,2.6
